timestamp,project_name,run_id,experiment_id,duration,emissions,emissions_rate,cpu_power,gpu_power,ram_power,cpu_energy,gpu_energy,ram_energy,energy_consumed,country_name,country_iso_code,region,cloud_provider,cloud_region,os,python_version,codecarbon_version,cpu_count,cpu_model,gpu_count,gpu_model,longitude,latitude,ram_total_size,tracking_mode,on_cloud,pue
2025-04-21T21:39:31,codecarbon,8db4298e-34d9-407e-8973-f872e2fd02a8,5b0fa12a-3dd7-45bb-9766-cc326314d9f1,4.3342047000001,2.4026568604877195e-09,5.543478046820594e-10,2.541909090909091,0.0,5.887009620666504,1.975494076004982e-08,0,3.928565047935845e-08,5.904059123940828e-08,Sweden,SWE,västra götaland county,,,Windows-11-10.0.26100-SP0,3.12.10,2.8.3,8,11th Gen Intel(R) Core(TM) i7-1165G7 @ 2.80GHz,,,11.967,57.7065,15.698692321777344,machine,N,1.0
2025-04-21T21:41:12,codecarbon,3e25dd81-c86e-44ba-a2cb-f534dbfa7dd3,5b0fa12a-3dd7-45bb-9766-cc326314d9f1,4.335043900000073,9.341236563526995e-10,2.1548193695401407e-10,1.439181818181818,0.0,5.887009620666504,5.851353477356724e-09,0,1.7102907644469042e-08,2.2954261121825763e-08,Sweden,SWE,västra götaland county,,,Windows-11-10.0.26100-SP0,3.12.10,2.8.3,8,11th Gen Intel(R) Core(TM) i7-1165G7 @ 2.80GHz,,,11.967,57.7065,15.698692321777344,machine,N,1.0
2025-04-21T21:42:54,codecarbon,654b3f55-8abd-4eb6-bbfb-0157622335e8,5b0fa12a-3dd7-45bb-9766-cc326314d9f1,5.173947899999803,7.138914049572432e-08,1.3797808148730498e-08,1.3932727272727272,0.0,5.887009620666504,3.369431936565269e-07,0,1.4173052519934134e-06,1.7542484456499404e-06,Sweden,SWE,västra götaland county,,,Windows-11-10.0.26100-SP0,3.12.10,2.8.3,8,11th Gen Intel(R) Core(TM) i7-1165G7 @ 2.80GHz,,,11.967,57.7065,15.698692321777344,machine,N,1.0
2025-04-21T21:44:35,codecarbon,c46a0aaa-8401-468c-9dc6-c8a21b1cfcba,5b0fa12a-3dd7-45bb-9766-cc326314d9f1,5.087372899999991,8.868002438055159e-08,1.7431398508364055e-08,4.144363636363637,0.0,5.887009620666504,9.028535323028836e-07,0,1.2762845529791303e-06,2.179138085282014e-06,Sweden,SWE,västra götaland county,,,Windows-11-10.0.26100-SP0,3.12.10,2.8.3,8,11th Gen Intel(R) Core(TM) i7-1165G7 @ 2.80GHz,,,11.967,57.7065,15.698692321777344,machine,N,1.0
2025-04-21T21:46:16,codecarbon,9348a85a-ec68-4cab-b9f1-9262533df56a,5b0fa12a-3dd7-45bb-9766-cc326314d9f1,4.594016400000328,2.2260150033911967e-08,4.845465948687161e-09,1.239090909090909,0.0,5.887009620666504,9.621609747482305e-08,0,4.507835347628466e-07,5.469996322376697e-07,Sweden,SWE,västra götaland county,,,Windows-11-10.0.26100-SP0,3.12.10,2.8.3,8,11th Gen Intel(R) Core(TM) i7-1165G7 @ 2.80GHz,,,11.967,57.7065,15.698692321777344,machine,N,1.0
2025-04-21T21:47:56,codecarbon,3aedc800-93d1-4daa-bfe3-8334a8ff2910,5b0fa12a-3dd7-45bb-9766-cc326314d9f1,4.338453100000152,1.8270158226088941e-09,4.21121487428049e-10,2.3591818181818183,0.0,5.887009620666504,1.4516897654245e-08,0,3.0378441394996776e-08,4.4895339049241776e-08,Sweden,SWE,västra götaland county,,,Windows-11-10.0.26100-SP0,3.12.10,2.8.3,8,11th Gen Intel(R) Core(TM) i7-1165G7 @ 2.80GHz,,,11.967,57.7065,15.698692321777344,machine,N,1.0
2025-04-21T21:49:38,codecarbon,934b012a-b786-47db-bbbf-ee9f0811ea2f,5b0fa12a-3dd7-45bb-9766-cc326314d9f1,4.335369200000059,2.3798814523221664e-09,5.489455090288813e-10,1.4705454545454548,0.0,5.887009620666504,1.2913349818160597e-08,0,4.55675803285937e-08,5.84809301467543e-08,Sweden,SWE,västra götaland county,,,Windows-11-10.0.26100-SP0,3.12.10,2.8.3,8,11th Gen Intel(R) Core(TM) i7-1165G7 @ 2.80GHz,,,11.967,57.7065,15.698692321777344,machine,N,1.0
2025-04-21T21:51:18,codecarbon,85476c97-6d98-4273-98fc-768ccde4f079,5b0fa12a-3dd7-45bb-9766-cc326314d9f1,4.315178500000002,2.379717306475552e-09,5.514759833169246e-10,2.808090909090909,0.0,5.887009620666504,2.0831432396430145e-08,0,3.764546418731608e-08,5.8476896583746223e-08,Sweden,SWE,västra götaland county,,,Windows-11-10.0.26100-SP0,3.12.10,2.8.3,8,11th Gen Intel(R) Core(TM) i7-1165G7 @ 2.80GHz,,,11.967,57.7065,15.698692321777344,machine,N,1.0
2025-04-21T21:52:59,codecarbon,8c8a6c9d-4997-4ef1-87ce-e86935a303e2,5b0fa12a-3dd7-45bb-9766-cc326314d9f1,4.315706099999716,9.225269185271511e-10,2.1376036670504787e-10,3.001909090909092,0.0,5.887009620666504,9.803234454328732e-09,0,1.2866059525942827e-08,2.266929398027156e-08,Sweden,SWE,västra götaland county,,,Windows-11-10.0.26100-SP0,3.12.10,2.8.3,8,11th Gen Intel(R) Core(TM) i7-1165G7 @ 2.80GHz,,,11.967,57.7065,15.698692321777344,machine,N,1.0
2025-04-21T21:54:41,codecarbon,e111ef52-d23a-4b60-866d-52b629e432ca,5b0fa12a-3dd7-45bb-9766-cc326314d9f1,5.268349299999954,8.2839368746022e-08,1.5723970456177372e-08,1.6536363636363638,0.0,5.887009620666504,4.477374793937471e-07,0,1.5878779216634345e-06,2.0356154010571814e-06,Sweden,SWE,västra götaland county,,,Windows-11-10.0.26100-SP0,3.12.10,2.8.3,8,11th Gen Intel(R) Core(TM) i7-1165G7 @ 2.80GHz,,,11.967,57.7065,15.698692321777344,machine,N,1.0
2025-04-21T21:56:22,codecarbon,05fed7b7-1642-44ca-a550-785288e846a1,5b0fa12a-3dd7-45bb-9766-cc326314d9f1,5.157953399999769,8.177019260093196e-08,1.5853224381774288e-08,2.587636363636364,0.0,5.887009620666504,6.154637744239523e-07,0,1.3938787148482416e-06,2.009342489272194e-06,Sweden,SWE,västra götaland county,,,Windows-11-10.0.26100-SP0,3.12.10,2.8.3,8,11th Gen Intel(R) Core(TM) i7-1165G7 @ 2.80GHz,,,11.967,57.7065,15.698692321777344,machine,N,1.0
2025-04-21T21:58:02,codecarbon,d022c376-dd6e-4d75-959a-14f54d4041b9,5b0fa12a-3dd7-45bb-9766-cc326314d9f1,4.675325200000316,2.8089951938388345e-08,6.008127934798299e-09,1.373727272727273,0.0,5.887009620666504,1.3181714522724874e-07,0,5.584384620559148e-07,6.902556072831635e-07,Sweden,SWE,västra götaland county,,,Windows-11-10.0.26100-SP0,3.12.10,2.8.3,8,11th Gen Intel(R) Core(TM) i7-1165G7 @ 2.80GHz,,,11.967,57.7065,15.698692321777344,machine,N,1.0
2025-04-21T21:59:43,codecarbon,e2da173b-45af-46f3-be4d-d8f2233b5c27,5b0fa12a-3dd7-45bb-9766-cc326314d9f1,4.3343393000000106,1.3474042466529371e-09,3.1086727489306927e-10,2.698727272727273,0.0,5.887009620666504,1.2472093126400597e-08,0,2.0637729865439614e-08,3.310982299184021e-08,Sweden,SWE,västra götaland county,,,Windows-11-10.0.26100-SP0,3.12.10,2.8.3,8,11th Gen Intel(R) Core(TM) i7-1165G7 @ 2.80GHz,,,11.967,57.7065,15.698692321777344,machine,N,1.0
2025-04-21T22:01:24,codecarbon,de5accb0-5aa7-41dc-b26f-47765f3c9da1,5b0fa12a-3dd7-45bb-9766-cc326314d9f1,4.32509970000001,2.732106186060601e-09,6.316862906213684e-10,1.3836363636363638,0.0,5.887009620666504,1.3984643333182332e-08,0,5.315152047221394e-08,6.713616380539627e-08,Sweden,SWE,västra götaland county,,,Windows-11-10.0.26100-SP0,3.12.10,2.8.3,8,11th Gen Intel(R) Core(TM) i7-1165G7 @ 2.80GHz,,,11.967,57.7065,15.698692321777344,machine,N,1.0
2025-04-21T22:03:05,codecarbon,b3b86a77-baf1-4c32-aa3f-8ee9ac8050d4,5b0fa12a-3dd7-45bb-9766-cc326314d9f1,4.323653400000239,2.31952865763534e-09,5.364742367265636e-10,2.7180909090909093,0.0,5.887009620666504,2.1037570621298784e-08,0,3.5960307684029657e-08,5.6997878305328464e-08,Sweden,SWE,västra götaland county,,,Windows-11-10.0.26100-SP0,3.12.10,2.8.3,8,11th Gen Intel(R) Core(TM) i7-1165G7 @ 2.80GHz,,,11.967,57.7065,15.698692321777344,machine,N,1.0
2025-04-21T22:04:46,codecarbon,756e3d50-6ac9-44d8-b04b-ba3a51ecdb23,5b0fa12a-3dd7-45bb-9766-cc326314d9f1,4.319335200000296,7.19667235355693e-10,1.6661527805381807e-10,1.3387272727272723,0.0,5.887009620666504,4.469712868782781e-09,0,1.3214701318603708e-08,1.7684414187386493e-08,Sweden,SWE,västra götaland county,,,Windows-11-10.0.26100-SP0,3.12.10,2.8.3,8,11th Gen Intel(R) Core(TM) i7-1165G7 @ 2.80GHz,,,11.967,57.7065,15.698692321777344,machine,N,1.0
2025-04-21T22:06:28,codecarbon,50bedb48-1672-47a8-8fd9-dda5b9a0ee9c,5b0fa12a-3dd7-45bb-9766-cc326314d9f1,5.294194499999776,8.295524138467946e-08,1.5669095909620046e-08,1.6492727272727272,0.0,5.887009620666504,4.475366600101521e-07,0,1.59092608442232e-06,2.038462744432472e-06,Sweden,SWE,västra götaland county,,,Windows-11-10.0.26100-SP0,3.12.10,2.8.3,8,11th Gen Intel(R) Core(TM) i7-1165G7 @ 2.80GHz,,,11.967,57.7065,15.698692321777344,machine,N,1.0
2025-04-21T22:08:09,codecarbon,399e4b95-b407-4fc3-a8aa-991ad72acf29,5b0fa12a-3dd7-45bb-9766-cc326314d9f1,5.084847499999341,8.239816998060338e-08,1.620464920149799e-08,2.650818181818181,0.0,5.887009620666504,6.30625595593083e-07,0,1.3941482090660493e-06,2.024773804659132e-06,Sweden,SWE,västra götaland county,,,Windows-11-10.0.26100-SP0,3.12.10,2.8.3,8,11th Gen Intel(R) Core(TM) i7-1165G7 @ 2.80GHz,,,11.967,57.7065,15.698692321777344,machine,N,1.0
2025-04-21T22:09:49,codecarbon,99cd2f62-072d-4c03-bb7c-840cea743994,5b0fa12a-3dd7-45bb-9766-cc326314d9f1,4.666106700000455,3.437682803321786e-08,7.3673471790121115e-09,2.7340909090909093,0.0,5.887009620666504,2.699131000004273e-07,0,5.748301862317354e-07,8.447432862321627e-07,Sweden,SWE,västra götaland county,,,Windows-11-10.0.26100-SP0,3.12.10,2.8.3,8,11th Gen Intel(R) Core(TM) i7-1165G7 @ 2.80GHz,,,11.967,57.7065,15.698692321777344,machine,N,1.0
2025-04-21T22:11:30,codecarbon,441c1e64-9941-4e08-bc1d-2a0253587905,5b0fa12a-3dd7-45bb-9766-cc326314d9f1,4.330673999999817,1.1744447634687832e-09,2.7119214317882913e-10,1.572818181818182,0.0,5.887009620666504,7.46105625026041e-09,0,2.139862585979692e-08,2.8859682110057333e-08,Sweden,SWE,västra götaland county,,,Windows-11-10.0.26100-SP0,3.12.10,2.8.3,8,11th Gen Intel(R) Core(TM) i7-1165G7 @ 2.80GHz,,,11.967,57.7065,15.698692321777344,machine,N,1.0
2025-04-21T22:13:11,codecarbon,938291e5-12cf-4f3d-adec-0ec81deddf00,5b0fa12a-3dd7-45bb-9766-cc326314d9f1,4.341733899999781,3.223966723801066e-09,7.425528137045038e-10,2.5638181818181818,0.0,5.887009620666504,2.5912367928885025e-08,0,5.3310306203098414e-08,7.922267413198343e-08,Sweden,SWE,västra götaland county,,,Windows-11-10.0.26100-SP0,3.12.10,2.8.3,8,11th Gen Intel(R) Core(TM) i7-1165G7 @ 2.80GHz,,,11.967,57.7065,15.698692321777344,machine,N,1.0
2025-04-21T22:14:52,codecarbon,df6328a3-1f63-4813-8071-dfe5c0ec77ad,5b0fa12a-3dd7-45bb-9766-cc326314d9f1,4.3326146999997945,2.051189200779912e-09,4.734298669069302e-10,1.4264545454545454,0.0,5.887009620666504,1.1110297840900029e-08,0,3.929366335285625e-08,5.040396119375628e-08,Sweden,SWE,västra götaland county,,,Windows-11-10.0.26100-SP0,3.12.10,2.8.3,8,11th Gen Intel(R) Core(TM) i7-1165G7 @ 2.80GHz,,,11.967,57.7065,15.698692321777344,machine,N,1.0
2025-04-21T22:16:33,codecarbon,a3086247-d8c2-4369-a07e-c9e2ac722eaf,5b0fa12a-3dd7-45bb-9766-cc326314d9f1,4.323288599999614,9.000850001469431e-10,2.0819452121401822e-10,2.4395454545454545,0.0,5.887009620666504,8.327998295113627e-09,0,1.378982945146317e-08,2.21178277465768e-08,Sweden,SWE,västra götaland county,,,Windows-11-10.0.26100-SP0,3.12.10,2.8.3,8,11th Gen Intel(R) Core(TM) i7-1165G7 @ 2.80GHz,,,11.967,57.7065,15.698692321777344,machine,N,1.0
2025-04-21T22:18:15,codecarbon,dee488ac-ea85-4e6a-9c10-4c6d92c78361,5b0fa12a-3dd7-45bb-9766-cc326314d9f1,5.26643729999978,1.6268860611520697e-07,3.0891587015611823e-08,1.2624545454545455,0.0,5.887009620666504,7.085744611136944e-07,0,3.289179712991404e-06,3.997754174105098e-06,Sweden,SWE,västra götaland county,,,Windows-11-10.0.26100-SP0,3.12.10,2.8.3,8,11th Gen Intel(R) Core(TM) i7-1165G7 @ 2.80GHz,,,11.967,57.7065,15.698692321777344,machine,N,1.0
2025-04-21T22:19:55,codecarbon,aceccb23-5188-42e8-a837-a39531a71573,5b0fa12a-3dd7-45bb-9766-cc326314d9f1,5.17282780000005,7.078681603711578e-08,1.3684355786425966e-08,1.6313636363636363,0.0,5.887009620666504,3.7902613318209305e-07,0,1.3604213674227917e-06,1.7394475006048846e-06,Sweden,SWE,västra götaland county,,,Windows-11-10.0.26100-SP0,3.12.10,2.8.3,8,11th Gen Intel(R) Core(TM) i7-1165G7 @ 2.80GHz,,,11.967,57.7065,15.698692321777344,machine,N,1.0
2025-04-21T22:21:36,codecarbon,3f2134c9-d3f4-4532-8b45-fc81a9310bf8,5b0fa12a-3dd7-45bb-9766-cc326314d9f1,4.701326300000801,4.014105027503751e-08,8.538239576144856e-09,2.762545454545455,0.0,5.887009620666504,3.171047655158062e-07,0,6.692830038671032e-07,9.863877693829097e-07,Sweden,SWE,västra götaland county,,,Windows-11-10.0.26100-SP0,3.12.10,2.8.3,8,11th Gen Intel(R) Core(TM) i7-1165G7 @ 2.80GHz,,,11.967,57.7065,15.698692321777344,machine,N,1.0
2025-04-21T22:23:17,codecarbon,ae323314-3f2b-4e1d-b93f-1e1f32110a1e,5b0fa12a-3dd7-45bb-9766-cc326314d9f1,4.329927599999792,2.036331546882311e-09,4.70292285460479e-10,3.7731818181818175,0.0,5.887009620666504,2.218169742367033e-08,0,2.785716599646263e-08,5.003886342013296e-08,Sweden,SWE,västra götaland county,,,Windows-11-10.0.26100-SP0,3.12.10,2.8.3,8,11th Gen Intel(R) Core(TM) i7-1165G7 @ 2.80GHz,,,11.967,57.7065,15.698692321777344,machine,N,1.0
2025-04-21T22:24:58,codecarbon,f02f10d8-9b63-4709-beda-12f059526b8a,5b0fa12a-3dd7-45bb-9766-cc326314d9f1,4.340891099999681,3.41714306081011e-09,7.871985226283059e-10,3.202545454545456,0.0,5.887009620666504,3.177423264626072e-08,0,5.219537199337831e-08,8.396960463963903e-08,Sweden,SWE,västra götaland county,,,Windows-11-10.0.26100-SP0,3.12.10,2.8.3,8,11th Gen Intel(R) Core(TM) i7-1165G7 @ 2.80GHz,,,11.967,57.7065,15.698692321777344,machine,N,1.0
2025-04-21T22:26:39,codecarbon,9d9c2fb5-0368-4cc7-bb3c-0f10e9c59bee,5b0fa12a-3dd7-45bb-9766-cc326314d9f1,4.334035400000175,1.544926945954742e-09,3.56463850284813e-10,1.221,0.0,5.887009620666504,7.664590083342471e-09,0,3.0298966765281246e-08,3.7963556848623714e-08,Sweden,SWE,västra götaland county,,,Windows-11-10.0.26100-SP0,3.12.10,2.8.3,8,11th Gen Intel(R) Core(TM) i7-1165G7 @ 2.80GHz,,,11.967,57.7065,15.698692321777344,machine,N,1.0
2025-04-21T22:28:20,codecarbon,9a79502a-6e4a-46d4-8dc2-fb6cfd35b29d,5b0fa12a-3dd7-45bb-9766-cc326314d9f1,4.245729600000232,1.1801859909557615e-09,2.7797012578372805e-10,4.136181818181818,0.0,5.887009620666504,1.469516463575694e-08,0,1.4305596906343112e-08,2.9000761542100053e-08,Sweden,SWE,västra götaland county,,,Windows-11-10.0.26100-SP0,3.12.10,2.8.3,8,11th Gen Intel(R) Core(TM) i7-1165G7 @ 2.80GHz,,,11.967,57.7065,15.698692321777344,machine,N,1.0
2025-04-21T22:30:01,codecarbon,67778d82-da4d-4449-828e-6785eace4a50,5b0fa12a-3dd7-45bb-9766-cc326314d9f1,5.26883160000034,2.011441611204262e-07,3.8176236477251085e-08,2.848181818181818,0.0,5.887009620666504,1.6168739721461462e-06,0,3.3258502229742898e-06,4.942724195120436e-06,Sweden,SWE,västra götaland county,,,Windows-11-10.0.26100-SP0,3.12.10,2.8.3,8,11th Gen Intel(R) Core(TM) i7-1165G7 @ 2.80GHz,,,11.967,57.7065,15.698692321777344,machine,N,1.0
2025-04-21T22:31:42,codecarbon,a2dcf4d6-d4ab-400b-b568-f406611ba027,5b0fa12a-3dd7-45bb-9766-cc326314d9f1,5.1253460999996605,6.859600133084316e-08,1.3383681802648935e-08,1.5325454545454549,0.0,5.887009620666504,3.495110392423247e-07,0,1.3361014765665745e-06,1.6856125158088989e-06,Sweden,SWE,västra götaland county,,,Windows-11-10.0.26100-SP0,3.12.10,2.8.3,8,11th Gen Intel(R) Core(TM) i7-1165G7 @ 2.80GHz,,,11.967,57.7065,15.698692321777344,machine,N,1.0
2025-04-21T22:33:23,codecarbon,cb5a027e-a58d-4dd4-bcc0-88846e33281d,5b0fa12a-3dd7-45bb-9766-cc326314d9f1,4.730065599999762,4.552467195355468e-08,9.624532893065366e-09,3.5768181818181826,0.0,5.887009620666504,4.253590930683742e-07,0,6.933206453160631e-07,1.1186797383844373e-06,Sweden,SWE,västra götaland county,,,Windows-11-10.0.26100-SP0,3.12.10,2.8.3,8,11th Gen Intel(R) Core(TM) i7-1165G7 @ 2.80GHz,,,11.967,57.7065,15.698692321777344,machine,N,1.0
2025-04-21T22:35:04,codecarbon,de85dcfc-7608-4c98-a976-8f9a3e3502e4,5b0fa12a-3dd7-45bb-9766-cc326314d9f1,4.3368090999993,1.190198816110661e-09,2.7444113602114824e-10,1.7339090909090908,0.0,5.887009620666504,8.127650699250858e-09,0,2.1119156429651013e-08,2.9246807128901866e-08,Sweden,SWE,västra götaland county,,,Windows-11-10.0.26100-SP0,3.12.10,2.8.3,8,11th Gen Intel(R) Core(TM) i7-1165G7 @ 2.80GHz,,,11.967,57.7065,15.698692321777344,machine,N,1.0
2025-04-21T22:36:45,codecarbon,31923428-70e0-42e8-870a-0fbc7e7b1a06,5b0fa12a-3dd7-45bb-9766-cc326314d9f1,4.367572000000109,2.626992522860418e-09,6.014766380177253e-10,2.7814545454545456,0.0,5.887009620666504,2.2761646959284148e-08,0,4.179155424136502e-08,6.455320120064917e-08,Sweden,SWE,västra götaland county,,,Windows-11-10.0.26100-SP0,3.12.10,2.8.3,8,11th Gen Intel(R) Core(TM) i7-1165G7 @ 2.80GHz,,,11.967,57.7065,15.698692321777344,machine,N,1.0
2025-04-21T22:38:26,codecarbon,7e7a7a1b-52a9-438b-9088-fb88dd6196a1,5b0fa12a-3dd7-45bb-9766-cc326314d9f1,4.331010300000344,2.0728716999073763e-09,4.786115839778102e-10,2.8317272727272726,0.0,5.887009620666504,1.8746270522980563e-08,0,3.2190495662235724e-08,5.0936766185216274e-08,Sweden,SWE,västra götaland county,,,Windows-11-10.0.26100-SP0,3.12.10,2.8.3,8,11th Gen Intel(R) Core(TM) i7-1165G7 @ 2.80GHz,,,11.967,57.7065,15.698692321777344,machine,N,1.0
2025-04-21T22:40:06,codecarbon,0e66c4a7-6c34-4963-b5ca-217edc908c0c,5b0fa12a-3dd7-45bb-9766-cc326314d9f1,4.223982499999693,9.103922660424375e-10,2.1552936501098283e-10,2.818,0.0,5.887009620666504,9.333998777830051e-09,0,1.3037109860637517e-08,2.2371108638467565e-08,Sweden,SWE,västra götaland county,,,Windows-11-10.0.26100-SP0,3.12.10,2.8.3,8,11th Gen Intel(R) Core(TM) i7-1165G7 @ 2.80GHz,,,11.967,57.7065,15.698692321777344,machine,N,1.0
2025-04-21T22:41:48,codecarbon,4c5a0a00-2bcb-4771-9917-62158a84c7c0,5b0fa12a-3dd7-45bb-9766-cc326314d9f1,5.347388400000455,2.3049979672802657e-07,4.3105115896950175e-08,4.054272727272728,0.0,5.887009620666504,2.315684359333992e-06,0,3.348397142767657e-06,5.664081502101648e-06,Sweden,SWE,västra götaland county,,,Windows-11-10.0.26100-SP0,3.12.10,2.8.3,8,11th Gen Intel(R) Core(TM) i7-1165G7 @ 2.80GHz,,,11.967,57.7065,15.698692321777344,machine,N,1.0
2025-04-21T22:43:29,codecarbon,ca806843-a2a5-4797-b743-1cf6e3ced6e0,5b0fa12a-3dd7-45bb-9766-cc326314d9f1,5.159729699999843,7.090364995012969e-08,1.3741737275526628e-08,1.586181818181818,0.0,5.887009620666504,3.711904263031393e-07,0,1.3711280391134887e-06,1.742318465416628e-06,Sweden,SWE,västra götaland county,,,Windows-11-10.0.26100-SP0,3.12.10,2.8.3,8,11th Gen Intel(R) Core(TM) i7-1165G7 @ 2.80GHz,,,11.967,57.7065,15.698692321777344,machine,N,1.0
2025-04-21T22:45:10,codecarbon,b9ba9c79-3520-44fd-af33-67e1802bbc5e,5b0fa12a-3dd7-45bb-9766-cc326314d9f1,4.7704500999998345,4.399880577805961e-08,9.223197990910992e-09,2.3693636363636363,0.0,5.887009620666504,3.122253283607044e-07,0,7.689592343143077e-07,1.081184562675012e-06,Sweden,SWE,västra götaland county,,,Windows-11-10.0.26100-SP0,3.12.10,2.8.3,8,11th Gen Intel(R) Core(TM) i7-1165G7 @ 2.80GHz,,,11.967,57.7065,15.698692321777344,machine,N,1.0
2025-04-21T22:46:50,codecarbon,ffc08660-4df1-4935-814f-d4f196b172c9,5b0fa12a-3dd7-45bb-9766-cc326314d9f1,4.308289900000091,1.345521764864178e-09,3.1230994108918937e-10,2.569454545454545,0.0,5.887009620666504,1.1990359636584257e-08,0,2.1073205048614866e-08,3.3063564685199114e-08,Sweden,SWE,västra götaland county,,,Windows-11-10.0.26100-SP0,3.12.10,2.8.3,8,11th Gen Intel(R) Core(TM) i7-1165G7 @ 2.80GHz,,,11.967,57.7065,15.698692321777344,machine,N,1.0
2025-04-21T22:48:31,codecarbon,4b5b5ee4-7132-4aaf-b945-80128a208282,5b0fa12a-3dd7-45bb-9766-cc326314d9f1,4.387374300000374,9.336076430466645e-09,2.1279416325308393e-09,20.3,0.0,5.887009620666504,1.834291083363395e-07,0,4.598670270842385e-08,2.2941581104476333e-07,Sweden,SWE,västra götaland county,,,Windows-11-10.0.26100-SP0,3.12.10,2.8.3,8,11th Gen Intel(R) Core(TM) i7-1165G7 @ 2.80GHz,,,11.967,57.7065,15.698692321777344,machine,N,1.0
2025-04-21T22:50:12,codecarbon,87844b5c-201b-4487-9d23-685e528d23d3,5b0fa12a-3dd7-45bb-9766-cc326314d9f1,4.338234599999851,1.9282383194974997e-09,4.4447534476295164e-10,2.754,0.0,5.887009620666504,1.7435956499698472e-08,0,2.9946727355750594e-08,4.738268385544906e-08,Sweden,SWE,västra götaland county,,,Windows-11-10.0.26100-SP0,3.12.10,2.8.3,8,11th Gen Intel(R) Core(TM) i7-1165G7 @ 2.80GHz,,,11.967,57.7065,15.698692321777344,machine,N,1.0
2025-04-21T22:51:53,codecarbon,f4d8bb00-b0ca-468c-a471-6d4cb6090e23,5b0fa12a-3dd7-45bb-9766-cc326314d9f1,4.336831999999959,1.0989290852561603e-09,2.533944329077472e-10,2.6737272727272727,0.0,5.887009620666504,1.0500618242324137e-08,0,1.6503413831792103e-08,2.700403207411624e-08,Sweden,SWE,västra götaland county,,,Windows-11-10.0.26100-SP0,3.12.10,2.8.3,8,11th Gen Intel(R) Core(TM) i7-1165G7 @ 2.80GHz,,,11.967,57.7065,15.698692321777344,machine,N,1.0
2025-04-21T22:53:35,codecarbon,90fb47be-2f1a-4e10-b453-bda40448eb90,5b0fa12a-3dd7-45bb-9766-cc326314d9f1,5.30076149999968,2.218216806797945e-07,4.1847134733341214e-08,4.2340909090909085,0.0,5.887009620666504,2.094797097621626e-06,0,3.3560366824445847e-06,5.450833780066211e-06,Sweden,SWE,västra götaland county,,,Windows-11-10.0.26100-SP0,3.12.10,2.8.3,8,11th Gen Intel(R) Core(TM) i7-1165G7 @ 2.80GHz,,,11.967,57.7065,15.698692321777344,machine,N,1.0
2025-04-21T22:55:16,codecarbon,a16c1150-507b-45aa-8b86-89ab14e8aec4,5b0fa12a-3dd7-45bb-9766-cc326314d9f1,5.142957399999432,6.760905790307916e-08,1.3145949430397117e-08,1.2938181818181818,0.0,5.887009620666504,3.004707639391706e-07,0,1.3608895482141445e-06,1.661360312153315e-06,Sweden,SWE,västra götaland county,,,Windows-11-10.0.26100-SP0,3.12.10,2.8.3,8,11th Gen Intel(R) Core(TM) i7-1165G7 @ 2.80GHz,,,11.967,57.7065,15.698692321777344,machine,N,1.0
2025-04-21T22:56:57,codecarbon,d05bd896-ba6d-4200-a80c-661e27d0ef74,5b0fa12a-3dd7-45bb-9766-cc326314d9f1,4.802176999999574,5.197129005623011e-08,1.0822443665911257e-08,3.6589090909090913,0.0,5.887009620666504,4.919838276356164e-07,0,7.851089369848556e-07,1.277092764620472e-06,Sweden,SWE,västra götaland county,,,Windows-11-10.0.26100-SP0,3.12.10,2.8.3,8,11th Gen Intel(R) Core(TM) i7-1165G7 @ 2.80GHz,,,11.967,57.7065,15.698692321777344,machine,N,1.0
2025-04-21T22:58:37,codecarbon,abb9be2d-63de-4e2e-9981-7dcc226ea976,5b0fa12a-3dd7-45bb-9766-cc326314d9f1,4.331824500000039,1.6404684586451075e-09,3.7870150525375454e-10,2.5439090909090907,0.0,5.887009620666504,1.4029729300487388e-08,0,2.6281573283247903e-08,4.0311302583735296e-08,Sweden,SWE,västra götaland county,,,Windows-11-10.0.26100-SP0,3.12.10,2.8.3,8,11th Gen Intel(R) Core(TM) i7-1165G7 @ 2.80GHz,,,11.967,57.7065,15.698692321777344,machine,N,1.0
2025-04-21T23:00:17,codecarbon,5f6b1a60-00d1-4e44-8843-8ac17e1db618,5b0fa12a-3dd7-45bb-9766-cc326314d9f1,4.319377999999233,2.782865570727897e-09,6.442746086886564e-10,2.9862727272727274,0.0,5.887009620666504,2.5289748302779483e-08,0,4.309372806355292e-08,6.83834763663324e-08,Sweden,SWE,västra götaland county,,,Windows-11-10.0.26100-SP0,3.12.10,2.8.3,8,11th Gen Intel(R) Core(TM) i7-1165G7 @ 2.80GHz,,,11.967,57.7065,15.698692321777344,machine,N,1.0
2025-04-21T23:01:59,codecarbon,b38937b0-7304-4fdc-b3da-5cfbaee25ac3,5b0fa12a-3dd7-45bb-9766-cc326314d9f1,4.343015999999807,1.963213420965734e-09,4.5203918681529636e-10,1.7996363636363637,0.0,5.887009620666504,1.3067409585755188e-08,0,3.5174718954992675e-08,4.8242128540747856e-08,Sweden,SWE,västra götaland county,,,Windows-11-10.0.26100-SP0,3.12.10,2.8.3,8,11th Gen Intel(R) Core(TM) i7-1165G7 @ 2.80GHz,,,11.967,57.7065,15.698692321777344,machine,N,1.0
2025-04-21T23:03:39,codecarbon,84d4fcb4-10e7-4155-9d20-398bf7d98b1d,5b0fa12a-3dd7-45bb-9766-cc326314d9f1,4.334649700000227,1.120479342162314e-09,2.584936314835903e-10,2.7522727272727274,0.0,5.887009620666504,1.0876293749840276e-08,0,1.6657293721896153e-08,2.7533587471736432e-08,Sweden,SWE,västra götaland county,,,Windows-11-10.0.26100-SP0,3.12.10,2.8.3,8,11th Gen Intel(R) Core(TM) i7-1165G7 @ 2.80GHz,,,11.967,57.7065,15.698692321777344,machine,N,1.0
2025-04-21T23:05:21,codecarbon,b2bd3a93-757e-484e-a629-6fe5a2bd3430,5b0fa12a-3dd7-45bb-9766-cc326314d9f1,5.307334200000696,2.242164722621026e-07,4.2246533535060463e-08,4.0773636363636365,0.0,5.887009620666504,2.126824670957863e-06,0,3.3828564265259206e-06,5.509681097483784e-06,Sweden,SWE,västra götaland county,,,Windows-11-10.0.26100-SP0,3.12.10,2.8.3,8,11th Gen Intel(R) Core(TM) i7-1165G7 @ 2.80GHz,,,11.967,57.7065,15.698692321777344,machine,N,1.0
2025-04-21T23:07:02,codecarbon,a8ead157-477b-4d5e-8974-70fea28fe24a,5b0fa12a-3dd7-45bb-9766-cc326314d9f1,5.135003000000324,6.791962258531355e-08,1.3226793165516993e-08,1.348181818181818,0.0,5.887009620666504,3.12198987929294e-07,0,1.3567928436301985e-06,1.6689918315594923e-06,Sweden,SWE,västra götaland county,,,Windows-11-10.0.26100-SP0,3.12.10,2.8.3,8,11th Gen Intel(R) Core(TM) i7-1165G7 @ 2.80GHz,,,11.967,57.7065,15.698692321777344,machine,N,1.0
2025-04-21T23:08:43,codecarbon,181026cc-4b2c-4d12-a92e-3a14aae62e18,5b0fa12a-3dd7-45bb-9766-cc326314d9f1,4.759891599999719,4.754837784392047e-08,9.989382498526494e-09,2.477909090909091,0.0,5.887009620666504,3.481407208080316e-07,0,8.202676301913653e-07,1.168408350999397e-06,Sweden,SWE,västra götaland county,,,Windows-11-10.0.26100-SP0,3.12.10,2.8.3,8,11th Gen Intel(R) Core(TM) i7-1165G7 @ 2.80GHz,,,11.967,57.7065,15.698692321777344,machine,N,1.0
2025-04-21T23:10:24,codecarbon,fb48ff92-8d1c-43d3-9f92-44f01619047d,5b0fa12a-3dd7-45bb-9766-cc326314d9f1,4.325796099999934,1.3787895623044376e-09,3.1873660487706726e-10,1.5922727272727273,0.0,5.887009620666504,8.614991591112087e-09,0,2.5266064123458195e-08,3.388105571457028e-08,Sweden,SWE,västra götaland county,,,Windows-11-10.0.26100-SP0,3.12.10,2.8.3,8,11th Gen Intel(R) Core(TM) i7-1165G7 @ 2.80GHz,,,11.967,57.7065,15.698692321777344,machine,N,1.0
2025-04-21T23:12:04,codecarbon,f1917d51-1695-4b89-a72a-f33ad6097af6,5b0fa12a-3dd7-45bb-9766-cc326314d9f1,4.3418582999993305,2.981538905773173e-09,6.86696501765991e-10,2.815363636363636,0.0,5.887009620666504,2.5825017818131892e-08,0,4.744046702701303e-08,7.326548484514493e-08,Sweden,SWE,västra götaland county,,,Windows-11-10.0.26100-SP0,3.12.10,2.8.3,8,11th Gen Intel(R) Core(TM) i7-1165G7 @ 2.80GHz,,,11.967,57.7065,15.698692321777344,machine,N,1.0
2025-04-21T23:13:45,codecarbon,9ad67733-aca2-40ac-b531-d968906b21b6,5b0fa12a-3dd7-45bb-9766-cc326314d9f1,4.328781299999719,1.7682728508538431e-09,4.0849207393636603e-10,2.346,0.0,5.887009620666504,1.422562266684508e-08,0,2.9226222789693652e-08,4.345184545653873e-08,Sweden,SWE,västra götaland county,,,Windows-11-10.0.26100-SP0,3.12.10,2.8.3,8,11th Gen Intel(R) Core(TM) i7-1165G7 @ 2.80GHz,,,11.967,57.7065,15.698692321777344,machine,N,1.0
2025-04-21T23:15:26,codecarbon,4ac07432-8054-4858-801f-090d5e0ea655,5b0fa12a-3dd7-45bb-9766-cc326314d9f1,4.317887599999267,1.1713960176811147e-09,2.7128914094042505e-10,2.946545454545455,0.0,5.887009620666504,1.1951024666064826e-08,0,1.6833740481523686e-08,2.8784765147588523e-08,Sweden,SWE,västra götaland county,,,Windows-11-10.0.26100-SP0,3.12.10,2.8.3,8,11th Gen Intel(R) Core(TM) i7-1165G7 @ 2.80GHz,,,11.967,57.7065,15.698692321777344,machine,N,1.0
2025-04-21T23:17:08,codecarbon,57e84e31-0ff8-41e4-b3f2-0272d83f9fec,5b0fa12a-3dd7-45bb-9766-cc326314d9f1,5.390726199999335,2.290661252035167e-07,4.2492628396438494e-08,5.06290909090909,0.0,5.887009620666504,2.231722838785476e-06,0,3.397128990764018e-06,5.628851829549495e-06,Sweden,SWE,västra götaland county,,,Windows-11-10.0.26100-SP0,3.12.10,2.8.3,8,11th Gen Intel(R) Core(TM) i7-1165G7 @ 2.80GHz,,,11.967,57.7065,15.698692321777344,machine,N,1.0
2025-04-21T23:18:49,codecarbon,67c2f7e0-34d8-423d-961d-5198444c591d,5b0fa12a-3dd7-45bb-9766-cc326314d9f1,5.121590299999298,7.55926363299916e-08,1.4759602369990816e-08,2.212818181818182,0.0,5.887009620666504,5.092770926537324e-07,0,1.3482640384432475e-06,1.85754113109698e-06,Sweden,SWE,västra götaland county,,,Windows-11-10.0.26100-SP0,3.12.10,2.8.3,8,11th Gen Intel(R) Core(TM) i7-1165G7 @ 2.80GHz,,,11.967,57.7065,15.698692321777344,machine,N,1.0
2025-04-21T23:20:30,codecarbon,5b90f778-60ae-4fba-b472-2cf075908ee0,5b0fa12a-3dd7-45bb-9766-cc326314d9f1,4.858623199999784,5.09846622814455e-08,1.0493644018628113e-08,2.5415454545454548,0.0,5.887009620666504,3.797956332041247e-07,0,8.73052684315116e-07,1.2528483175192409e-06,Sweden,SWE,västra götaland county,,,Windows-11-10.0.26100-SP0,3.12.10,2.8.3,8,11th Gen Intel(R) Core(TM) i7-1165G7 @ 2.80GHz,,,11.967,57.7065,15.698692321777344,machine,N,1.0
2025-04-21T23:22:10,codecarbon,c761655d-7adc-4705-bf6e-c909c206f062,5b0fa12a-3dd7-45bb-9766-cc326314d9f1,4.318360999999641,1.316084630783724e-09,3.0476484730753945e-10,2.588636363636364,0.0,5.887009620666504,1.1864367613102929e-08,0,2.047583709960684e-08,3.234020471270977e-08,Sweden,SWE,västra götaland county,,,Windows-11-10.0.26100-SP0,3.12.10,2.8.3,8,11th Gen Intel(R) Core(TM) i7-1165G7 @ 2.80GHz,,,11.967,57.7065,15.698692321777344,machine,N,1.0
2025-04-21T23:23:51,codecarbon,7e0eb8f3-e7bf-4b94-ac79-131930d94b91,5b0fa12a-3dd7-45bb-9766-cc326314d9f1,4.338026999999784,2.5720869779086357e-09,5.929163137778451e-10,1.413909090909091,0.0,5.887009620666504,1.344356546201138e-08,0,4.976043940120612e-08,6.32040048632175e-08,Sweden,SWE,västra götaland county,,,Windows-11-10.0.26100-SP0,3.12.10,2.8.3,8,11th Gen Intel(R) Core(TM) i7-1165G7 @ 2.80GHz,,,11.967,57.7065,15.698692321777344,machine,N,1.0
2025-04-21T23:25:32,codecarbon,6f009604-b6a9-438c-a8d9-43c2f7af0e83,5b0fa12a-3dd7-45bb-9766-cc326314d9f1,4.334774900000411,1.887825776933818e-09,4.3550722251659207e-10,2.7320909090909096,0.0,5.887009620666504,1.6811162495057974e-08,0,2.9578462199224323e-08,4.6389624694282294e-08,Sweden,SWE,västra götaland county,,,Windows-11-10.0.26100-SP0,3.12.10,2.8.3,8,11th Gen Intel(R) Core(TM) i7-1165G7 @ 2.80GHz,,,11.967,57.7065,15.698692321777344,machine,N,1.0
2025-04-21T23:27:13,codecarbon,ab9e6647-1888-4489-b4ab-c9cebe00b2cf,5b0fa12a-3dd7-45bb-9766-cc326314d9f1,4.263193200000387,7.787708951448731e-10,1.8267314161244256e-10,1.707818181818182,0.0,5.887009620666504,6.224760075816779e-09,0,1.2912010906978973e-08,1.9136770982795773e-08,Sweden,SWE,västra götaland county,,,Windows-11-10.0.26100-SP0,3.12.10,2.8.3,8,11th Gen Intel(R) Core(TM) i7-1165G7 @ 2.80GHz,,,11.967,57.7065,15.698692321777344,machine,N,1.0
2025-04-21T23:28:55,codecarbon,501db79d-7ef1-4f41-905c-40e89a259f34,5b0fa12a-3dd7-45bb-9766-cc326314d9f1,5.316724099999192,8.179607093790758e-08,1.538467473569298e-08,1.360181818181818,0.0,5.887009620666504,3.784393067271217e-07,0,1.6315390920419547e-06,2.0099783987690763e-06,Sweden,SWE,västra götaland county,,,Windows-11-10.0.26100-SP0,3.12.10,2.8.3,8,11th Gen Intel(R) Core(TM) i7-1165G7 @ 2.80GHz,,,11.967,57.7065,15.698692321777344,machine,N,1.0
2025-04-21T23:30:36,codecarbon,904453e2-2b69-4f7e-bdf6-10756e5e894f,5b0fa12a-3dd7-45bb-9766-cc326314d9f1,5.148794000000635,7.952867468172944e-08,1.5446078184856424e-08,2.605,0.0,5.887009620666504,6.014576681953208e-07,0,1.352803904030492e-06,1.9542615722258126e-06,Sweden,SWE,västra götaland county,,,Windows-11-10.0.26100-SP0,3.12.10,2.8.3,8,11th Gen Intel(R) Core(TM) i7-1165G7 @ 2.80GHz,,,11.967,57.7065,15.698692321777344,machine,N,1.0
2025-04-21T23:32:16,codecarbon,e92a83b3-d5c7-4991-828b-876e21a08c28,5b0fa12a-3dd7-45bb-9766-cc326314d9f1,4.839086199999656,4.367759957591944e-08,9.02600155705483e-09,1.286818181818182,0.0,5.887009620666504,1.936874403535184e-07,0,8.796041083851334e-07,1.0732915487386517e-06,Sweden,SWE,västra götaland county,,,Windows-11-10.0.26100-SP0,3.12.10,2.8.3,8,11th Gen Intel(R) Core(TM) i7-1165G7 @ 2.80GHz,,,11.967,57.7065,15.698692321777344,machine,N,1.0
2025-04-21T23:33:57,codecarbon,5b7877e7-df92-4957-aed6-936e44dbba78,5b0fa12a-3dd7-45bb-9766-cc326314d9f1,4.3470784000001,1.671592339257191e-09,3.845323652909395e-10,2.819272727272727,0.0,5.887009620666504,1.5274819636758707e-08,0,2.5801291415144265e-08,4.107611105190297e-08,Sweden,SWE,västra götaland county,,,Windows-11-10.0.26100-SP0,3.12.10,2.8.3,8,11th Gen Intel(R) Core(TM) i7-1165G7 @ 2.80GHz,,,11.967,57.7065,15.698692321777344,machine,N,1.0
2025-04-21T23:35:38,codecarbon,8c0d3080-ebd9-4d7e-af69-99a83735cbe6,5b0fa12a-3dd7-45bb-9766-cc326314d9f1,4.371172999999544,2.739138479018204e-09,6.266369413927316e-10,1.536818181818182,0.0,5.887009620666504,1.521531109847343e-08,0,5.2093657546770583e-08,6.730896864524401e-08,Sweden,SWE,västra götaland county,,,Windows-11-10.0.26100-SP0,3.12.10,2.8.3,8,11th Gen Intel(R) Core(TM) i7-1165G7 @ 2.80GHz,,,11.967,57.7065,15.698692321777344,machine,N,1.0
2025-04-21T23:37:19,codecarbon,e1add10d-80b2-4155-8578-56b0e876dd9a,5b0fa12a-3dd7-45bb-9766-cc326314d9f1,4.327237800000148,2.2947568372776113e-09,5.30305230111812e-10,2.5860909090909097,0.0,5.887009620666504,1.9049001964393443e-08,0,3.734015732489546e-08,5.63891592892889e-08,Sweden,SWE,västra götaland county,,,Windows-11-10.0.26100-SP0,3.12.10,2.8.3,8,11th Gen Intel(R) Core(TM) i7-1165G7 @ 2.80GHz,,,11.967,57.7065,15.698692321777344,machine,N,1.0
2025-04-21T23:39:00,codecarbon,db72ad4b-dff6-4308-9bd7-5062a4be2a25,5b0fa12a-3dd7-45bb-9766-cc326314d9f1,4.323254299999462,7.269209058393812e-10,1.6814206507340367e-10,1.5553636363636365,0.0,5.887009620666504,5.0276697495023245e-09,0,1.2834989197281843e-08,1.7862658946784172e-08,Sweden,SWE,västra götaland county,,,Windows-11-10.0.26100-SP0,3.12.10,2.8.3,8,11th Gen Intel(R) Core(TM) i7-1165G7 @ 2.80GHz,,,11.967,57.7065,15.698692321777344,machine,N,1.0
2025-04-21T23:40:42,codecarbon,96fb8835-2ee3-4999-b09b-c97efeff3bc0,5b0fa12a-3dd7-45bb-9766-cc326314d9f1,5.308293899999626,8.484886305144719e-08,1.5984205970858767e-08,1.608818181818182,0.0,5.887009620666504,4.489366022120243e-07,0,1.636058189566995e-06,2.08499479177902e-06,Sweden,SWE,västra götaland county,,,Windows-11-10.0.26100-SP0,3.12.10,2.8.3,8,11th Gen Intel(R) Core(TM) i7-1165G7 @ 2.80GHz,,,11.967,57.7065,15.698692321777344,machine,N,1.0
2025-04-21T23:42:23,codecarbon,42eb5e2d-1085-46a1-976c-c2cd11eeb2c7,5b0fa12a-3dd7-45bb-9766-cc326314d9f1,5.201889399999345,8.676884901316065e-08,1.6680256410905536e-08,2.7420909090909085,0.0,5.887009620666504,6.797459034184842e-07,0,1.45242878667024e-06,2.132174690088724e-06,Sweden,SWE,västra götaland county,,,Windows-11-10.0.26100-SP0,3.12.10,2.8.3,8,11th Gen Intel(R) Core(TM) i7-1165G7 @ 2.80GHz,,,11.967,57.7065,15.698692321777344,machine,N,1.0
2025-04-21T23:44:03,codecarbon,8ab9ec64-8ea5-4405-8b0a-f52f95dfad4d,5b0fa12a-3dd7-45bb-9766-cc326314d9f1,4.8411790000009205,5.776603486101793e-08,1.1932224538899913e-08,3.723363636363637,0.0,5.887009620666504,5.524301879621694e-07,0,8.670570920726731e-07,1.4194872800348424e-06,Sweden,SWE,västra götaland county,,,Windows-11-10.0.26100-SP0,3.12.10,2.8.3,8,11th Gen Intel(R) Core(TM) i7-1165G7 @ 2.80GHz,,,11.967,57.7065,15.698692321777344,machine,N,1.0
2025-04-21T23:45:44,codecarbon,a64ef677-eb51-4736-928e-21cc33f771dc,5b0fa12a-3dd7-45bb-9766-cc326314d9f1,4.33334719999948,1.023879270121857e-09,2.3627907547356917e-10,2.5693636363636365,0.0,5.887009620666504,9.602425620936987e-09,0,1.555740409086684e-08,2.5159829711803833e-08,Sweden,SWE,västra götaland county,,,Windows-11-10.0.26100-SP0,3.12.10,2.8.3,8,11th Gen Intel(R) Core(TM) i7-1165G7 @ 2.80GHz,,,11.967,57.7065,15.698692321777344,machine,N,1.0
2025-04-21T23:47:25,codecarbon,a993606d-55b0-4701-8316-c81af39ce01e,5b0fa12a-3dd7-45bb-9766-cc326314d9f1,4.336244399999487,2.4573593476856993e-09,5.667022245531157e-10,1.405,0.0,5.887009620666504,1.2843924583113321e-08,0,4.7540873246735534e-08,6.038479782984886e-08,Sweden,SWE,västra götaland county,,,Windows-11-10.0.26100-SP0,3.12.10,2.8.3,8,11th Gen Intel(R) Core(TM) i7-1165G7 @ 2.80GHz,,,11.967,57.7065,15.698692321777344,machine,N,1.0
